"rep","flow","fao_group","max_scheda"
"4","1","1",111
"8","2","1",1297
"8","2","2",1119
"8","2","3",1205
"8","2","4",1134
"8","2","5",1126
"8","2","8",111
"8","2","9",1112
"8","2","A",1111
"8","1","1",1447
"8","1","2",1148
"8","1","3",1259
"8","1","4",1176
"8","1","5",1136
"8","1","6",1116
"8","1","7",1113
"8","1","8",1113
"8","1","9",1114
"8","1","A",1112
"8","3","1",1118
"8","3","2",1113
"8","3","3",1134
"8","3","4",1123
"8","3","5",1114
"8","3","8",111
"12","2","1",1191
"12","2","2",1117
"12","2","3",1165
"12","2","4",1117
"12","2","5",1111
"12","2","6",1111
"12","2","9",111
"12","1","1",1302
"12","1","2",1197
"12","1","3",1221
"12","1","4",1189
"12","1","5",1141
"12","1","6",1152
"12","1","7",1112
"12","1","8",1113
"12","1","9",1117
"12","1","A",1110
"20","2","1",1145
"20","2","2",1112
"20","2","3",112
"20","2","4",1117
"20","2","5",1115
"20","2","6",111
"20","2","8",1111
"20","1","1",1461
"20","1","2",1129
"20","1","3",1306
"20","1","4",1121
"20","1","5",1124
"20","1","6",1112
"20","1","8",1111
"20","1","9",1116
"20","1","A",1110
"24","2","1",1211
"24","2","3",1112
"24","1","1",1687
"24","1","2",1247
"24","1","3",1286
"24","1","4",1364
"24","1","5",1166
"24","1","6",1124
"24","1","7",1116
"24","1","8",1119
"24","1","9",1125
"24","1","A",1114
"28","2","1",11117
"28","2","2",1121
"28","2","3",11164
"28","2","4",1113
"28","2","5",1113
"28","2","6",1112
"28","2","A",1112
"28","1","1",11221
"28","1","2",11282
"28","1","3",11165
"28","1","4",11203
"28","1","5",11124
"28","1","6",11105
"28","1","7",1111
"28","1","8",1113
"28","1","9",1113
"28","1","A",1112
"28","3","1",11164
"28","3","2",11137
"28","3","3",11145
"28","3","4",1113
"28","3","5",1112
"28","3","6",1111
"28","3","8",111
"28","3","A",1111
"31","2","1",1153
"31","2","2",1122
"31","2","3",1113
"31","2","4",1131
"31","2","5",111
"31","2","6",111
"31","2","7",111
"31","1","1",1323
"31","1","2",1142
"31","1","3",1169
"31","1","4",1156
"31","1","5",1129
"31","1","6",1113
"31","1","7",111
"31","1","8",1113
"31","1","9",1112
"31","1","A",1111
"32","2","1",2669
"32","2","2",1324
"32","2","3",1473
"32","2","4",1286
"32","2","5",1237
"32","2","6",1115
"32","2","7",1121
"32","2","8",1111
"32","2","9",1114
"32","2","A",1113
"32","1","1",1251
"32","1","2",1212
"32","1","3",1263
"32","1","4",1212
"32","1","5",1218
"32","1","6",1114
"32","1","7",1112
"32","1","8",1111
"32","1","9",1114
"32","1","A",1112
"36","2","1",1362
"36","2","2",1269
"36","2","3",1335
"36","2","4",1153
"36","2","5",1157
"36","2","6",1118
"36","2","7",111
"36","2","8",1119
"36","2","9",1118
"36","2","A",1112
"36","1","1",11325
"36","1","2",1259
"36","1","3",1335
"36","1","4",1252
"36","1","5",1275
"36","1","6",1175
"36","1","7",1112
"36","1","8",1115
"36","1","9",1126
"36","1","A",1113
"36","3","1",1142
"36","3","2",1123
"36","3","3",1145
"36","3","4",1127
"36","3","5",1117
"36","3","6",1111
"36","3","8",1113
"36","3","9",1113
"36","3","A",1111
"40","2","1",11161
"40","2","2",1192
"40","2","3",1292
"40","2","4",1705
"40","2","5",1154
"40","2","6",1123
"40","2","7",1114
"40","2","8",1115
"40","2","9",1114
"40","2","A",1112
"40","1","1",2223
"40","1","2",1416
"40","1","3",1506
"40","1","4",1703
"40","1","5",1176
"40","1","6",1121
"40","1","7",1113
"40","1","8",1115
"40","1","9",1116
"40","1","A",1113
"44","2","1",1159
"44","2","2",1114
"44","2","3",1175
"44","2","4",1112
"44","2","5",1121
"44","2","8",1134
"44","1","1",1443
"44","1","2",1144
"44","1","3",1227
"44","1","4",1191
"44","1","5",1138
"44","1","6",1113
"44","1","7",1111
"44","1","8",1119
"44","1","9",1115
"44","1","A",1113
"44","3","1",1124
"44","3","2",1111
"44","3","3",1119
"44","3","4",1119
"44","3","5",1112
"44","3","6",1111
"44","3","8",1112
"48","2","1",1229
"48","2","2",1119
"48","2","3",1153
"48","2","4",1129
"48","2","5",1116
"48","2","6",1111
"48","2","7",111
"48","2","9",111
"48","2","A",1110
"48","1","1",1511
"48","1","2",1184
"48","1","3",1192
"48","1","4",1126
"48","1","5",1129
"48","1","6",1113
"48","1","7",111
"48","1","8",1118
"48","1","9",1113
"48","1","A",1118
"48","3","1",1185
"48","3","2",1118
"48","3","3",1125
"48","3","4",1118
"48","3","5",1113
"48","3","6",111
"48","3","7",111
"48","3","8",111
"48","3","9",1111
"48","3","A",1110
"50","2","1",1987
"50","2","2",1269
"50","2","3",1775
"50","2","4",1126
"50","2","5",1257
"50","2","6",111
"50","2","7",111
"50","2","8",1113
"50","2","9",1112
"50","2","A",1117
"50","1","1",2058
"50","1","2",1276
"50","1","3",1789
"50","1","4",1221
"50","1","5",1265
"50","1","6",1117
"50","1","7",1139
"50","1","8",1111
"50","1","9",1156
"50","1","A",1110
"51","2","1",1171
"51","2","2",1128
"51","2","3",1134
"51","2","4",1135
"51","2","5",1111
"51","2","A",1112
"51","1","1",1344
"51","1","2",1149
"51","1","3",1217
"51","1","4",1165
"51","1","5",1132
"51","1","6",1115
"51","1","7",1111
"51","1","8",1113
"51","1","9",1114
"51","1","A",1116
"51","3","1",1118
"51","3","2",1114
"51","3","3",1111
"51","3","4",1116
"51","3","5",111
"51","3","7",111
"52","2","1",1199
"52","2","2",1124
"52","2","3",1145
"52","2","4",1123
"52","2","5",1115
"52","2","6",1111
"52","2","7",111
"52","2","8",1111
"52","2","9",111
"52","2","A",1113
"52","1","1",1267
"52","1","2",1151
"52","1","3",1193
"52","1","4",1194
"52","1","5",1124
"52","1","6",114
"52","1","7",1113
"52","1","8",1113
"52","1","9",1112
"52","1","A",1113
"52","3","1",1134
"52","3","2",1122
"52","3","3",1125
"52","3","4",1154
"52","3","5",111
"52","3","6",1111
"52","3","8",1111
"52","3","9",111
"56","2","1",3582
"56","2","2",1559
"56","2","3",1713
"56","2","4",1394
"56","2","5",1206
"56","2","6",1112
"56","2","7",114
"56","2","8",1115
"56","2","9",1114
"56","2","A",1111
"56","1","1",3587
"56","1","2",1653
"56","1","3",1766
"56","1","4",1431
"56","1","5",1206
"56","1","6",1113
"56","1","7",114
"56","1","8",1115
"56","1","9",1114
"56","1","A",1111
"60","2","1",1127
"60","2","3",1121
"60","2","4",1118
"60","1","1",1391
"60","1","2",1169
"60","1","3",1209
"60","1","4",1194
"60","1","5",1161
"60","1","6",1114
"60","1","7",111
"60","1","8",1117
"60","1","9",1115
"60","1","A",1112
"64","2","1",111
"64","2","7",111
"64","2","8",111
"64","1","1",1184
"64","1","2",1127
"64","1","3",1129
"64","1","4",1118
"64","1","5",1117
"64","1","6",111
"64","1","7",111
"64","1","8",111
"64","1","9",1113
"64","1","A",1110
"68","2","1",1135
"68","2","2",1113
"68","2","4",1114
"68","2","A",1110
"68","1","1",1201
"68","1","2",1133
"68","1","3",1175
"68","1","4",1135
"68","1","5",1131
"68","1","6",1122
"68","1","7",1123
"68","1","8",1111
"68","1","9",1113
"68","1","A",1112
"68","3","4",1111
"70","2","1",1249
"70","2","2",1128
"70","2","3",1169
"70","2","4",1139
"70","2","5",1117
"70","2","7",111
"70","2","8",1112
"70","2","9",1113
"70","1","1",1627
"70","1","2",1174
"70","1","3",1332
"70","1","4",1284
"70","1","5",1179
"70","1","6",1128
"70","1","7",1121
"70","1","8",1122
"70","1","9",1121
"70","1","A",1117
"72","2","1",1199
"72","2","2",1136
"72","2","3",1143
"72","2","4",1142
"72","2","5",1133
"72","2","6",1112
"72","2","7",111
"72","2","8",1113
"72","2","9",1115
"72","1","1",1295
"72","1","2",1146
"72","1","3",1201
"72","1","4",1152
"72","1","5",1169
"72","1","6",1113
"72","1","7",111
"72","1","8",1114
"72","1","9",1118
"72","1","A",1112
"72","3","1",1115
"72","3","2",1111
"72","3","3",1114
"72","3","4",1115
"72","3","6",1111
"72","3","7",111
"76","2","1",1572
"76","2","2",1195
"76","2","3",1344
"76","2","4",1174
"76","2","5",1145
"76","2","6",1118
"76","2","7",1111
"76","2","8",1111
"76","2","9",1121
"76","2","A",1114
"76","1","1",1568
"76","1","2",1304
"76","1","3",1356
"76","1","4",1194
"76","1","5",1288
"76","1","6",1118
"76","1","7",1113
"76","1","8",1111
"76","1","9",1119
"76","1","A",1116
"84","2","1",1174
"84","2","2",1119
"84","2","3",1199
"84","2","4",1161
"84","2","5",1121
"84","2","6",111
"84","2","8",111
"84","2","9",111
"84","2","A",1110
"84","1","1",1188
"84","1","2",1148
"84","1","3",1208
"84","1","4",1172
"84","1","5",1132
"84","1","6",1113
"84","1","7",1111
"84","1","8",1111
"84","1","9",1114
"84","1","A",1111
"84","3","1",1111
"84","3","3",1113
"84","3","4",1122
"84","3","5",1114
"84","3","6",1111
"90","2","1",1166
"90","2","2",1123
"90","2","3",1148
"90","2","4",1131
"90","2","5",111
"90","2","8",1146
"90","2","9",1115
"90","1","1",1158
"90","1","2",1124
"90","1","3",1188
"90","1","4",1174
"90","1","5",1131
"90","1","6",1112
"90","1","7",1111
"90","1","8",1112
"90","1","9",1117
"90","1","A",1111
"90","3","1",1111
"90","3","4",111
"96","2","1",1231
"96","2","2",1129
"96","2","3",1241
"96","2","4",1138
"96","2","5",1129
"96","2","6",1111
"96","2","7",1113
"96","2","8",111
"96","2","9",1115
"96","2","A",1110
"96","1","1",1549
"96","1","2",1227
"96","1","3",1459
"96","1","4",1314
"96","1","5",1225
"96","1","6",1124
"96","1","7",1134
"96","1","8",1119
"96","1","9",1137
"96","1","A",1128
"96","3","1",1133
"96","3","2",1161
"96","3","3",1177
"96","3","4",1182
"96","3","5",1115
"96","3","6",111
"96","3","7",112
"96","3","8",111
"96","3","9",1111
"100","2","1",1466
"100","2","2",1146
"100","2","3",1216
"100","2","4",1162
"100","2","5",1136
"100","2","6",1112
"100","2","7",1111
"100","2","8",1116
"100","2","9",1116
"100","2","A",1112
"100","1","1",1637
"100","1","2",1152
"100","1","3",1285
"100","1","4",1162
"100","1","5",1137
"100","1","6",1117
"100","1","7",1111
"100","1","8",1118
"100","1","9",1119
"100","1","A",1113
"104","2","1",1174
"104","2","2",1161
"104","2","3",1175
"104","2","4",1113
"104","2","5",1116
"104","2","6",111
"104","2","7",1111
"104","2","8",1115
"104","2","9",1111
"104","1","1",1459
"104","1","2",1166
"104","1","3",1319
"104","1","4",1229
"104","1","5",1216
"104","1","6",1118
"104","1","7",111
"104","1","8",111
"104","1","9",1156
"104","1","A",1110
"108","2","1",1149
"108","2","2",1117
"108","2","3",1115
"108","2","4",111
"108","2","A",1110
"108","1","1",1179
"108","1","2",1124
"108","1","3",1134
"108","1","4",1133
"108","1","5",1116
"108","1","6",1112
"108","1","7",1112
"108","1","8",111
"108","1","9",1112
"108","1","A",1113
"112","2","1",1395
"112","2","2",1167
"112","2","3",1158
"112","2","4",1162
"112","2","5",1133
"112","2","6",1113
"112","2","7",111
"112","2","8",1111
"112","2","9",1115
"112","2","A",1112
"112","1","1",1674
"112","1","2",1177
"112","1","3",1265
"112","1","4",1207
"112","1","5",1144
"112","1","6",1122
"112","1","7",1114
"112","1","8",1113
"112","1","9",1119
"112","1","A",1114
"116","2","1",1287
"116","2","2",1151
"116","2","3",1276
"116","2","4",1125
"116","2","7",111
"116","2","8",1111
"116","2","9",1119
"116","2","A",1111
"116","1","1",1247
"116","1","2",1129
"116","1","3",1287
"116","1","4",1229
"116","1","5",1159
"116","1","6",1116
"116","1","7",1113
"116","1","8",1112
"116","1","9",1131
"116","1","A",1110
"120","2","1",1186
"120","2","2",1228
"120","2","3",1168
"120","2","4",1151
"120","2","5",1112
"120","2","6",111
"120","2","7",111
"120","2","8",111
"120","2","9",1115
"120","2","A",1110
"120","1","1",1339
"120","1","2",1226
"120","1","3",1197
"120","1","4",1221
"120","1","5",1158
"120","1","6",1113
"120","1","7",111
"120","1","8",1111
"120","1","9",1117
"120","1","A",1110
"124","2","1",2636
"124","2","2",1515
"124","2","3",1442
"124","2","4",1271
"124","2","5",1188
"124","2","6",116
"124","2","7",112
"124","2","8",1112
"124","2","9",1114
"124","2","A",1110
"124","1","1",2626
"124","1","2",1514
"124","1","3",1459
"124","1","4",1209
"124","1","5",1212
"124","1","6",1186
"124","1","7",1124
"124","1","8",1122
"124","1","9",1118
"124","1","A",1142
"124","3","1",11844
"124","3","2",11315
"124","3","3",11239
"124","3","4",11112
"124","3","5",11104
"124","3","6",11102
"124","3","7",1111
"124","3","8",1111
"124","3","9",1113
"124","3","A",1110
"132","2","1",1147
"132","2","2",1113
"132","2","3",1121
"132","2","4",1118
"132","2","5",111
"132","2","6",111
"132","2","7",1111
"132","2","8",111
"132","1","1",1214
"132","1","2",1131
"132","1","3",1144
"132","1","4",1142
"132","1","5",1126
"132","1","6",1112
"132","1","7",111
"132","1","8",111
"132","1","9",1113
"132","1","A",1110
"132","3","1",1142
"132","3","2",1114
"132","3","3",1128
"132","3","4",1116
"132","3","5",1117
"132","3","9",111
"136","2","1",115
"136","2","3",1111
"136","1","1",111
"136","1","2",111
"136","1","3",111
"136","1","4",111
"136","1","5",111
"140","2","2",1111
"140","2","4",1111
"140","1","1",1157
"140","1","2",1172
"140","1","3",1151
"140","1","4",1117
"140","1","5",1112
"140","1","6",1111
"140","1","7",111
"140","1","8",111
"140","1","9",111
"144","2","1",11135
"144","2","2",11223
"144","2","3",11291
"144","2","4",11107
"144","2","5",11109
"144","2","6",11132
"144","2","7",111
"144","2","8",1116
"144","2","9",1113
"144","2","A",1114
"144","1","1",11127
"144","1","2",11224
"144","1","3",11142
"144","1","4",11118
"144","1","5",11123
"144","1","6",11134
"144","1","7",111
"144","1","8",1116
"144","1","9",1115
"144","1","A",1115
"144","3","1",11107
"144","3","2",11115
"144","3","3",11122
"144","3","4",1111
"144","3","6",111
"144","3","A",1110
"148","2","2",111
"148","1","1",1149
"148","1","2",1124
"148","1","3",1139
"148","1","4",1139
"148","1","5",1115
"148","1","6",1111
"148","1","7",111
"148","1","8",1111
"148","1","9",1111
"152","2","1",2145
"152","2","2",1216
"152","2","3",1669
"152","2","4",1257
"152","2","5",1431
"152","2","6",1115
"152","2","7",1119
"152","2","8",1113
"152","2","9",1137
"152","2","A",1115
"152","1","1",1437
"152","1","2",1154
"152","1","3",1256
"152","1","4",1149
"152","1","5",1219
"152","1","6",1116
"152","1","7",1119
"152","1","8",1113
"152","1","9",1136
"152","1","A",1115
"156","2","1",1309
"156","2","2",1144
"156","2","3",1272
"156","2","4",1136
"156","2","5",1136
"156","2","6",1113
"156","2","7",1112
"156","2","8",1113
"156","2","9",1139
"156","2","A",1113
"156","1","1",1329
"156","1","2",1141
"156","1","3",1279
"156","1","4",1135
"156","1","5",1139
"156","1","6",1112
"156","1","7",1112
"156","1","8",1113
"156","1","9",1143
"156","1","A",1113
"158","2","1",11334
"158","2","2",11155
"158","2","3",11343
"158","2","4",11147
"158","2","5",11155
"158","2","6",11101
"158","2","7",11111
"158","2","8",1122
"158","2","9",1162
"158","2","A",1128
"158","1","1",11213
"158","1","2",11147
"158","1","3",11671
"158","1","4",11163
"158","1","5",11165
"158","1","6",11115
"158","1","7",11112
"158","1","8",1124
"158","1","9",1168
"158","1","A",1130
"158","3","1",1183
"158","3","2",1133
"158","3","3",1175
"158","3","4",1145
"158","3","5",1144
"158","3","6",1111
"158","3","7",1112
"158","3","8",1115
"158","3","9",1133
"158","3","A",1115
"170","2","1",1209
"170","2","2",1128
"170","2","3",1212
"170","2","4",1124
"170","2","5",1119
"170","2","6",1118
"170","2","7",1112
"170","2","8",1113
"170","2","9",1113
"170","2","A",1111
"170","1","1",1266
"170","1","2",1137
"170","1","3",1208
"170","1","4",1203
"170","1","5",1162
"170","1","6",1118
"170","1","7",1123
"170","1","8",1113
"170","1","9",1113
"170","1","A",1112
"174","2","1",1115
"174","2","2",111
"174","2","3",1115
"174","2","5",111
"174","2","8",1111
"174","1","1",1145
"174","1","2",1125
"174","1","3",1126
"174","1","4",1133
"174","1","5",1115
"174","1","6",1112
"174","1","7",1111
"174","1","8",111
"174","1","9",111
"175","2","1",1118
"175","2","3",1112
"175","2","4",1112
"175","2","5",1111
"175","2","8",111
"175","2","A",1110
"175","1","1",1165
"175","1","2",1126
"175","1","3",1145
"175","1","4",1136
"175","1","5",1119
"175","1","6",1112
"175","1","7",1112
"175","1","8",1111
"175","1","9",1111
"175","1","A",1110
"178","2","1",1182
"178","2","2",1147
"178","2","3",1142
"178","2","4",1123
"178","2","5",1114
"178","2","6",111
"178","1","1",1404
"178","1","2",1217
"178","1","3",1201
"178","1","4",1211
"178","1","5",1139
"178","1","6",1115
"178","1","7",1114
"178","1","8",1116
"178","1","9",1116
"178","1","A",1110
"180","2","1",111
"180","2","2",111
"180","1","1",1362
"180","1","2",1122
"180","1","3",1123
"180","1","4",1129
"180","1","5",1116
"180","1","6",1112
"180","1","7",111
"184","2","1",1121
"184","2","3",1112
"184","2","8",1125
"184","1","1",1141
"184","1","2",1121
"184","1","3",1124
"184","1","4",1116
"184","1","5",1115
"184","1","6",1111
"184","1","7",111
"184","1","8",1127
"184","1","9",1111
"184","1","A",1112
"188","2","1",1279
"188","2","2",1136
"188","2","3",1264
"188","2","4",1141
"188","2","5",1119
"188","2","6",1115
"188","2","7",1112
"188","2","9",1114
"188","2","A",1112
"188","1","1",1297
"188","1","2",1138
"188","1","3",1284
"188","1","4",1155
"188","1","5",1155
"188","1","6",1119
"188","1","7",1112
"188","1","8",1111
"188","1","9",1118
"188","1","A",1112
"191","2","1",1542
"191","2","2",1153
"191","2","3",1292
"191","2","4",1165
"191","2","5",1136
"191","2","6",1119
"191","2","7",1112
"191","2","8",1119
"191","2","9",1115
"191","2","A",1112
"191","1","1",1637
"191","1","2",1167
"191","1","3",1307
"191","1","4",1175
"191","1","5",1146
"191","1","6",1121
"191","1","7",1112
"191","1","8",1117
"191","1","9",1117
"191","1","A",1113
"192","2","1",1135
"192","2","2",1113
"192","2","3",1124
"192","2","4",1115
"192","2","5",1112
"192","2","6",111
"192","2","7",111
"192","2","8",1112
"192","2","9",111
"192","1","1",1152
"192","1","2",1121
"192","1","3",1131
"192","1","4",1119
"192","1","5",1114
"192","1","6",1113
"192","1","7",1111
"192","1","8",1111
"192","1","9",1111
"192","1","A",1111
"192","3","4",1111
"192","3","5",111
"196","2","1",1281
"196","2","2",1136
"196","2","3",1169
"196","2","4",1152
"196","2","5",1129
"196","2","6",1112
"196","2","7",1111
"196","2","8",1114
"196","2","9",1112
"196","2","A",1113
"196","1","1",1617
"196","1","2",1156
"196","1","3",1284
"196","1","4",1177
"196","1","5",1154
"196","1","6",1116
"196","1","7",1111
"196","1","8",1116
"196","1","9",1115
"196","1","A",1113
"196","3","1",1133
"196","3","2",1107
"196","3","3",1118
"196","3","4",1119
"196","3","5",1113
"196","3","6",111
"200","2","1",111
"200","2","4",111
"200","2","7",111
"200","1","1",111
"200","1","2",111
"200","1","4",111
"200","1","5",111
"200","1","6",111
"200","1","7",111
"203","2","1",1631
"203","2","2",1151
"203","2","3",1283
"203","2","4",1168
"203","2","5",1137
"203","2","6",1123
"203","2","7",1112
"203","2","8",1115
"203","2","9",1113
"203","2","A",1112
"203","1","1",1747
"203","1","2",1174
"203","1","3",1315
"203","1","4",1173
"203","1","5",1139
"203","1","6",1122
"203","1","7",1112
"203","1","8",1115
"203","1","9",1113
"203","1","A",1112
"204","2","1",1156
"204","2","2",1114
"204","2","3",1145
"204","2","4",1116
"204","2","5",1115
"204","2","7",111
"204","2","8",111
"204","2","9",1111
"204","2","A",1110
"204","1","1",1225
"204","1","2",1133
"204","1","3",1137
"204","1","4",1159
"204","1","5",1119
"204","1","6",1111
"204","1","7",1112
"204","1","8",1111
"204","1","9",1113
"204","1","A",1110
"204","3","1",111
"204","3","2",1114
"204","3","3",1111
"204","3","4",1112
"208","2","1",3461
"208","2","2",1429
"208","2","3",1792
"208","2","4",1563
"208","2","5",1295
"208","2","6",1112
"208","2","7",112
"208","2","8",1116
"208","2","9",1114
"208","2","A",1111
"208","1","1",13388
"208","1","2",11446
"208","1","3",11787
"208","1","4",11583
"208","1","5",11293
"208","1","6",11103
"208","1","7",1111
"208","1","8",1116
"208","1","9",1114
"208","1","A",1111
"212","2","1",1128
"212","2","3",111
"212","2","4",1111
"212","2","8",111
"212","2","9",111
"212","1","1",1228
"212","1","2",1162
"212","1","3",1166
"212","1","4",1175
"212","1","5",1122
"212","1","6",1114
"212","1","7",111
"212","1","8",1111
"212","1","9",1111
"212","1","A",1111
"212","3","1",1112
"212","3","2",1111
"212","3","4",1113
"214","2","1",1304
"214","2","2",1134
"214","2","3",1334
"214","2","4",1138
"214","2","5",1187
"214","2","6",1119
"214","2","7",1111
"214","2","8",1112
"214","2","9",1112
"214","1","1",1523
"214","1","2",1329
"214","1","3",1279
"214","1","4",1324
"214","1","5",1221
"214","1","6",1159
"214","1","7",1119
"214","1","8",1115
"214","1","9",1117
"214","1","A",1114
"218","2","1",1345
"218","2","2",1167
"218","2","3",1259
"218","2","4",1268
"218","2","5",1133
"218","2","6",1117
"218","2","7",1115
"218","2","8",1111
"218","2","9",1113
"218","2","A",1112
"218","1","1",1231
"218","1","2",1132
"218","1","3",1185
"218","1","4",1132
"218","1","5",1125
"218","1","6",1123
"218","1","7",1114
"218","1","8",1111
"218","1","9",1113
"218","1","A",1113
"222","2","1",1205
"222","2","2",1127
"222","2","3",1165
"222","2","4",1124
"222","2","5",1119
"222","2","6",1112
"222","2","7",1111
"222","2","8",1112
"222","2","9",111
"222","2","A",1110
"222","1","1",1237
"222","1","2",1126
"222","1","3",1188
"222","1","4",1203
"222","1","5",1132
"222","1","6",1113
"222","1","7",1112
"222","1","8",1112
"222","1","9",1113
"222","1","A",1111
"226","2","1",111
"226","1","1",111
"230","2","1",1111
"230","2","2",111
"230","2","4",1111
"230","2","7",111
"230","1","1",1112
"230","1","2",1112
"230","1","3",1112
"230","1","4",1114
"230","1","5",111
"230","1","6",111
"230","1","7",111
"231","2","1",1144
"231","2","2",1115
"231","2","3",1112
"231","2","4",1113
"231","2","5",1113
"231","2","8",1112
"231","2","9",111
"231","2","A",1111
"231","1","1",1184
"231","1","2",1136
"231","1","3",1139
"231","1","4",1172
"231","1","5",1119
"231","1","6",1114
"231","1","7",111
"231","1","8",1111
"231","1","9",1113
"231","1","A",1111
"231","3","4",111
"231","3","8",111
"232","2","1",1177
"232","2","2",1115
"232","2","3",1132
"232","2","8",1111
"232","2","9",111
"232","2","A",1110
"232","1","1",1137
"232","1","2",1117
"232","1","3",1119
"232","1","4",1136
"232","1","5",1112
"232","1","6",111
"232","1","7",1111
"232","3","1",111
"233","2","1",1483
"233","2","2",1153
"233","2","3",1228
"233","2","4",1159
"233","2","5",1134
"233","2","6",1114
"233","2","7",1111
"233","2","8",1113
"233","2","9",1113
"233","2","A",1112
"233","1","1",1572
"233","1","2",1154
"233","1","3",1266
"233","1","4",1161
"233","1","5",1136
"233","1","6",1118
"233","1","7",1111
"233","1","8",1115
"233","1","9",1113
"233","1","A",1112
"234","2","1",2346
"234","2","2",1564
"234","2","3",1259
"234","2","4",1269
"234","2","5",1131
"234","2","6",1111
"234","2","7",113
"234","2","8",1111
"234","2","A",1117
"234","1","1",1517
"234","1","2",1135
"234","1","3",1179
"234","1","4",1116
"234","1","5",1115
"234","1","6",113
"234","1","7",112
"234","1","8",1113
"234","1","9",1111
"234","1","A",1110
"242","2","1",1272
"242","2","2",1147
"242","2","3",1179
"242","2","4",1141
"242","2","5",1125
"242","2","6",1111
"242","2","7",111
"242","2","8",1117
"242","2","9",1114
"242","2","A",1114
"242","1","1",1272
"242","1","2",1147
"242","1","3",1199
"242","1","4",1174
"242","1","5",1154
"242","1","6",1112
"242","1","7",1114
"242","1","8",1114
"242","1","9",1122
"242","1","A",1116
"242","3","1",1179
"242","3","2",1149
"242","3","3",1134
"242","3","4",1142
"242","3","5",1124
"242","3","6",1113
"242","3","7",111
"242","3","8",111
"242","3","9",1111
"246","2","1",1791
"246","2","2",1312
"246","2","3",1195
"246","2","4",1279
"246","2","5",1153
"246","2","6",1113
"246","2","7",1111
"246","2","8",1112
"246","2","9",1113
"246","2","A",1112
"246","1","1",1798
"246","1","2",1317
"246","1","3",1291
"246","1","4",1386
"246","1","5",1176
"246","1","6",1125
"246","1","7",1111
"246","1","8",1115
"246","1","9",1114
"246","1","A",1112
"250","2","1",3172
"250","2","2",1619
"250","2","3",1913
"250","2","4",1314
"250","2","5",1176
"250","2","6",1116
"250","2","7",112
"250","2","8",1116
"250","2","9",1118
"250","2","A",1111
"250","1","1",3183
"250","1","2",1622
"250","1","3",1918
"250","1","4",1313
"250","1","5",1176
"250","1","6",1116
"250","1","7",112
"250","1","8",1116
"250","1","9",1118
"250","1","A",1111
"254","2","1",1126
"254","2","2",1113
"254","2","3",1119
"254","2","4",111
"254","2","5",1111
"254","2","A",1110
"254","1","1",1179
"254","1","2",1126
"254","1","3",1156
"254","1","4",1143
"254","1","5",1121
"254","1","6",111
"254","1","7",1111
"254","1","8",111
"254","1","A",1110
"258","2","1",1203
"258","2","2",1121
"258","2","3",1244
"258","2","4",1122
"258","2","5",1112
"258","2","7",111
"258","2","8",1117
"258","2","9",1112
"258","2","A",1110
"258","1","1",1435
"258","1","2",1246
"258","1","3",1429
"258","1","4",1273
"258","1","5",1202
"258","1","6",1111
"258","1","7",111
"258","1","8",1114
"258","1","9",1115
"258","1","A",1110
"262","1","1",1228
"262","1","2",1144
"262","1","3",1202
"262","1","4",1193
"262","1","5",1154
"262","1","6",111
"266","2","1",1139
"266","2","2",1119
"266","2","3",1135
"266","2","4",111
"266","2","5",111
"266","2","A",1110
"266","1","1",1167
"266","1","2",1267
"266","1","3",1134
"266","1","4",1137
"266","1","5",1112
"266","1","6",113
"266","1","7",1112
"266","1","8",1111
"266","1","9",1113
"266","1","A",1110
"268","2","1",1196
"268","2","2",1126
"268","2","3",1124
"268","2","4",1128
"268","2","5",1113
"268","2","6",1111
"268","2","7",111
"268","2","8",111
"268","2","9",1113
"268","1","1",1326
"268","1","2",1139
"268","1","3",1169
"268","1","4",1163
"268","1","5",1138
"268","1","6",1113
"268","1","7",1111
"268","1","8",1114
"268","1","9",1113
"268","1","A",1111
"268","3","1",1135
"268","3","4",1114
"268","3","6",111
"268","3","7",111
"268","3","A",1110
"270","2","1",1211
"270","2","2",1148
"270","2","3",1179
"270","2","4",1145
"270","2","5",111
"270","2","6",1111
"270","2","7",111
"270","2","8",1111
"270","2","A",1110
"270","1","1",1219
"270","1","2",1131
"270","1","3",1185
"270","1","4",1167
"270","1","5",1114
"270","1","6",1112
"270","1","7",111
"270","1","8",1111
"270","1","9",111
"270","1","A",1110
"270","3","1",1113
"270","3","2",111
"270","3","3",1111
"270","3","4",1111
"270","3","6",111
"275","2","1",1112
"275","2","2",111
"275","2","4",1111
"275","2","5",111
"275","2","6",111
"275","1","1",1136
"275","1","2",1113
"275","1","3",1115
"275","1","4",1119
"275","1","5",1111
"275","1","6",1111
"275","1","8",111
"275","1","9",1111
"275","1","A",1110
"275","3","1",1111
"275","3","2",111
"275","3","4",1111
"275","3","5",111
"276","2","1",22023
"276","2","2",13849
"276","2","3",14226
"276","2","4",12814
"276","2","5",11516
"276","2","6",12101
"276","2","7",112
"276","2","8",1115
"276","2","9",1113
"276","2","A",1111
"276","1","1",22045
"276","1","2",13857
"276","1","3",14553
"276","1","4",12847
"276","1","5",11416
"276","1","6",11105
"276","1","7",112
"276","1","8",1115
"276","1","9",1113
"276","1","A",1111
"288","2","1",1637
"288","2","2",1209
"288","2","3",1257
"288","2","4",1162
"288","2","5",1122
"288","2","6",1111
"288","2","7",111
"288","2","8",1111
"288","2","9",1112
"288","2","A",1110
"288","1","1",1713
"288","1","2",1217
"288","1","3",1281
"288","1","4",1365
"288","1","5",1167
"288","1","6",1117
"288","1","7",1125
"288","1","8",1111
"288","1","9",1116
"288","1","A",1111
"296","2","1",1245
"296","2","2",1142
"296","2","3",1145
"296","2","4",111
"296","2","5",1113
"296","2","9",1113
"296","2","A",1110
"296","1","1",1256
"296","1","2",1143
"296","1","3",1169
"296","1","4",1186
"296","1","5",1125
"296","1","6",1111
"296","1","8",1111
"296","1","9",1121
"300","2","1",2651
"300","2","2",1376
"300","2","3",1641
"300","2","4",1369
"300","2","5",1176
"300","2","6",1117
"300","2","7",1111
"300","2","8",1116
"300","2","9",1115
"300","2","A",1111
"300","1","1",2642
"300","1","2",1417
"300","1","3",1657
"300","1","4",1389
"300","1","5",1196
"300","1","6",1161
"300","1","7",113
"300","1","8",1116
"300","1","9",1114
"300","1","A",1111
"304","2","1",11591
"304","2","2",11268
"304","2","3",11227
"304","2","4",11202
"304","2","5",11132
"304","2","6",11163
"304","2","7",11101
"304","2","8",111
"304","2","9",1111
"304","2","A",1110
"304","1","1",11121
"304","1","2",11255
"304","1","3",11111
"304","1","4",11264
"304","1","5",11165
"304","1","6",1117
"304","1","7",111
"304","1","8",1111
"304","1","9",1116
"304","1","A",1112
"308","2","1",1155
"308","2","2",1118
"308","2","3",1132
"308","2","4",1113
"308","2","5",1112
"308","2","7",111
"308","2","9",111
"308","1","1",1185
"308","1","2",1148
"308","1","3",1155
"308","1","4",1135
"308","1","5",1118
"308","1","6",1114
"308","1","7",1112
"308","1","8",1112
"308","1","9",1111
"308","3","1",1118
"308","3","2",1114
"308","3","3",1112
"308","3","4",111
"308","3","5",111
"312","2","1",1118
"312","2","2",1114
"312","2","3",1128
"312","2","4",1115
"312","2","5",1114
"312","1","1",1198
"312","1","2",1128
"312","1","3",1165
"312","1","4",1147
"312","1","5",1122
"312","1","6",1111
"312","1","7",1111
"312","1","8",1112
"312","1","9",1111
"312","1","A",1110
"316","2","1",111
"316","2","2",111
"316","2","3",111
"316","2","4",111
"316","1","1",111
"316","1","2",111
"316","1","3",111
"316","1","4",111
"320","2","1",1196
"320","2","2",1124
"320","2","3",1162
"320","2","4",1116
"320","2","5",1121
"320","2","6",1112
"320","2","7",1111
"320","2","8",1111
"320","2","9",1113
"320","2","A",1112
"320","1","1",1257
"320","1","2",1127
"320","1","3",1206
"320","1","4",1203
"320","1","5",1131
"320","1","6",1115
"320","1","7",1112
"320","1","8",1111
"320","1","9",1113
"320","1","A",1111
"324","2","1",1403
"324","2","2",1164
"324","2","3",1216
"324","2","4",1116
"324","2","5",111
"324","2","6",1111
"324","2","7",111
"324","1","1",1442
"324","1","2",1183
"324","1","3",1246
"324","1","4",1218
"324","1","5",1131
"324","1","6",1111
"324","1","7",1112
"324","1","9",1117
"324","3","1",1111
"328","2","1",1323
"328","2","2",1154
"328","2","3",1179
"328","2","4",1116
"328","2","5",1126
"328","2","6",1111
"328","2","7",111
"328","2","8",1111
"328","2","9",1111
"328","2","A",1111
"328","1","1",1345
"328","1","2",1157
"328","1","3",1188
"328","1","4",1171
"328","1","5",1119
"328","1","6",1114
"328","1","7",111
"328","1","8",1112
"328","1","9",1111
"328","1","A",1112
"328","3","1",1115
"328","3","2",1113
"328","3","4",1115
"332","2","1",113
"332","2","2",111
"332","2","3",1136
"332","1","1",1111
"332","1","2",1111
"332","1","3",111
"332","1","4",1111
"332","1","6",112
"332","1","7",111
"340","2","1",1185
"340","2","2",1128
"340","2","3",1213
"340","2","4",1118
"340","2","5",1119
"340","2","6",1112
"340","2","7",1111
"340","2","8",1111
"340","2","9",1112
"340","2","A",1111
"340","1","1",1253
"340","1","2",1127
"340","1","3",1224
"340","1","4",1222
"340","1","5",1126
"340","1","6",1134
"340","1","7",1114
"340","1","8",1112
"340","1","9",1113
"340","1","A",1112
"340","3","1",1118
"340","3","3",1121
"340","3","4",1111
"344","2","1",11204
"344","2","2",11198
"344","2","3",11404
"344","2","4",11105
"344","2","5",11171
"344","2","6",11103
"344","2","7",11102
"344","2","8",1122
"344","2","9",1112
"344","2","A",1110
"344","1","1",11214
"344","1","2",11195
"344","1","3",11272
"344","1","4",11161
"344","1","5",11157
"344","1","6",11111
"344","1","7",1111
"344","1","8",1115
"344","1","9",1113
"344","1","A",1110
"344","3","1",11196
"344","3","2",11188
"344","3","3",11269
"344","3","4",11111
"344","3","5",11157
"344","3","6",11101
"344","3","7",1112
"344","3","8",1115
"344","3","9",1113
"344","3","A",1110
"348","2","1",1365
"348","2","2",1139
"348","2","3",1299
"348","2","4",1162
"348","2","5",1137
"348","2","6",1119
"348","2","7",1112
"348","2","8",1116
"348","2","9",1113
"348","2","A",1114
"348","1","1",1597
"348","1","2",1164
"348","1","3",1323
"348","1","4",1168
"348","1","5",1143
"348","1","6",1121
"348","1","7",1112
"348","1","8",1118
"348","1","9",1115
"348","1","A",1114
"352","2","1",2434
"352","2","2",1556
"352","2","3",1294
"352","2","4",1323
"352","2","5",1153
"352","2","6",1118
"352","2","7",1115
"352","2","8",1111
"352","2","9",1118
"352","2","A",1127
"352","1","1",1663
"352","1","2",1557
"352","1","3",1244
"352","1","4",1272
"352","1","5",1208
"352","1","6",1119
"352","1","7",1116
"352","1","8",1111
"352","1","9",1126
"352","1","A",1120
"356","2","1",1348
"356","2","2",1165
"356","2","3",1351
"356","2","4",1164
"356","2","5",1179
"356","2","6",1123
"356","2","7",1115
"356","2","8",1129
"356","2","9",1119
"356","2","A",1119
"356","1","1",1349
"356","1","2",1143
"356","1","3",1173
"356","1","4",1133
"356","1","5",1129
"356","1","6",1123
"356","1","7",1115
"356","1","8",1131
"356","1","9",1119
"356","1","A",1113
"360","2","1",1611
"360","2","2",1249
"360","2","3",1707
"360","2","4",1229
"360","2","5",1191
"360","2","6",1164
"360","2","7",1121
"360","2","8",1119
"360","2","9",1129
"360","2","A",1121
"360","1","1",1603
"360","1","2",1247
"360","1","3",1686
"360","1","4",1303
"360","1","5",1239
"360","1","6",1184
"360","1","7",1131
"360","1","8",1117
"360","1","9",1127
"360","1","A",1118
"364","2","1",1392
"364","2","2",1136
"364","2","3",1229
"364","2","4",1135
"364","2","5",1121
"364","2","6",1114
"364","2","7",111
"364","2","8",1113
"364","2","9",1111
"364","2","A",1110
"364","1","1",1391
"364","1","2",1141
"364","1","3",1177
"364","1","4",1151
"364","1","5",1111
"364","1","6",1116
"364","1","7",1111
"364","1","8",111
"364","1","9",1126
"364","1","A",1110
"368","2","1",111
"368","1","1",1227
"368","1","2",1121
"368","1","3",115
"368","1","4",1182
"368","1","6",111
"368","1","8",1111
"372","2","1",1949
"372","2","2",1303
"372","2","3",1349
"372","2","4",1196
"372","2","5",1153
"372","2","6",1117
"372","2","7",1112
"372","2","8",1116
"372","2","9",1115
"372","2","A",1112
"372","1","1",1914
"372","1","2",1299
"372","1","3",1355
"372","1","4",1228
"372","1","5",1154
"372","1","6",1119
"372","1","7",1112
"372","1","8",1116
"372","1","9",1115
"372","1","A",1111
"376","2","1",1172
"376","2","2",1119
"376","2","3",1125
"376","2","4",1128
"376","2","5",1111
"376","2","6",1113
"376","2","7",111
"376","2","9",1125
"376","2","A",1110
"376","1","1",1468
"376","1","2",1203
"376","1","3",1227
"376","1","4",1206
"376","1","5",1129
"376","1","6",1119
"376","1","7",1111
"376","1","8",1111
"376","1","9",1131
"376","1","A",1112
"380","2","1",2812
"380","2","2",1452
"380","2","3",1711
"380","2","4",1324
"380","2","5",1145
"380","2","6",1151
"380","2","7",112
"380","2","8",1115
"380","2","9",1114
"380","2","A",1111
"380","1","1",2818
"380","1","2",1459
"380","1","3",1719
"380","1","4",1326
"380","1","5",1146
"380","1","6",1151
"380","1","7",112
"380","1","8",1115
"380","1","9",1115
"380","1","A",1111
"384","2","1",1269
"384","2","2",1226
"384","2","3",1219
"384","2","4",1213
"384","2","5",1128
"384","2","6",1115
"384","2","7",1113
"384","2","8",1111
"384","2","9",1111
"384","2","A",1110
"384","1","1",11112
"384","1","2",1227
"384","1","3",1217
"384","1","4",1212
"384","1","5",1153
"384","1","6",1113
"384","1","7",1111
"384","1","8",1111
"384","1","9",1115
"384","1","A",1110
"384","3","1",1128
"384","3","3",1115
"384","3","4",1111
"388","2","1",11312
"388","2","2",11297
"388","2","3",11216
"388","2","4",11138
"388","2","5",11105
"388","2","6",11134
"388","2","7",111
"388","2","8",1111
"388","2","9",1111
"388","2","A",1110
"388","1","1",11205
"388","1","2",11303
"388","1","3",11132
"388","1","4",11169
"388","1","5",11123
"388","1","6",11102
"388","1","7",11102
"388","1","8",1111
"388","1","9",1115
"388","1","A",1112
"388","3","1",1187
"388","3","2",1153
"388","3","3",1155
"388","3","4",1155
"388","3","5",1121
"388","3","9",1112
"392","2","1",1891
"392","2","2",1253
"392","2","3",1369
"392","2","4",1383
"392","2","5",1288
"392","2","6",1111
"392","2","7",1111
"392","2","8",1113
"392","2","9",1125
"392","2","A",1110
"392","1","1",1899
"392","1","2",1259
"392","1","3",1389
"392","1","4",1236
"392","1","5",1258
"392","1","6",115
"392","1","7",1111
"392","1","8",1123
"392","1","9",1145
"392","1","A",1113
"398","2","1",1292
"398","2","2",1153
"398","2","3",1153
"398","2","4",1145
"398","2","5",1125
"398","2","6",1113
"398","2","7",1112
"398","2","8",111
"398","2","9",1113
"398","2","A",1115
"398","1","1",1544
"398","1","2",1183
"398","1","3",1229
"398","1","4",1191
"398","1","5",1142
"398","1","6",1119
"398","1","7",1113
"398","1","8",1112
"398","1","9",1118
"398","1","A",1115
"400","2","1",1121
"400","2","2",111
"400","2","3",111
"400","2","4",1113
"400","2","7",111
"400","2","9",1111
"400","1","1",1207
"400","1","2",1137
"400","1","3",1152
"400","1","4",1143
"400","1","5",1124
"400","1","6",1113
"400","1","7",111
"400","1","8",1111
"400","1","9",1116
"400","1","A",1110
"400","3","1",1149
"400","3","2",1119
"400","3","3",1119
"400","3","4",1115
"400","3","5",1113
"400","3","6",1111
"400","3","7",111
"400","3","8",111
"400","3","A",1110
"404","2","1",1533
"404","2","2",1183
"404","2","3",1317
"404","2","4",1126
"404","2","5",1119
"404","2","6",1132
"404","2","7",1111
"404","2","8",1112
"404","2","9",1111
"404","2","A",1114
"404","1","1",1561
"404","1","2",1145
"404","1","3",1145
"404","1","4",1129
"404","1","5",1121
"404","1","6",1136
"404","1","7",1111
"404","1","8",1112
"404","1","9",1112
"404","1","A",1114
"404","3","1",1144
"404","3","2",114
"404","3","3",111
"404","3","4",1112
"404","3","5",1111
"404","3","6",1111
"404","3","7",111
"408","2","1",11215
"408","2","2",11135
"408","2","3",11212
"408","2","4",11101
"408","2","5",11107
"408","2","7",111
"408","1","3",1216
"410","2","1",2189
"410","2","2",1673
"410","2","3",2439
"410","2","4",1341
"410","2","5",1564
"410","2","6",1165
"410","2","7",1131
"410","2","8",1124
"410","2","9",1221
"410","2","A",1113
"410","1","1",2196
"410","1","2",1667
"410","1","3",2444
"410","1","4",1228
"410","1","5",1312
"410","1","6",1234
"410","1","7",1121
"410","1","8",1126
"410","1","9",1198
"410","1","A",1115
"414","2","1",1894
"414","2","2",1259
"414","2","3",1449
"414","2","4",1166
"414","2","5",1124
"414","2","6",1123
"414","2","7",1112
"414","2","8",1112
"414","2","9",1113
"414","2","A",1110
"414","1","1",2048
"414","1","2",1272
"414","1","3",1505
"414","1","4",1347
"414","1","5",1242
"414","1","6",1139
"414","1","7",114
"414","1","8",1137
"414","1","9",1145
"414","1","A",1125
"414","3","1",1142
"414","3","2",1115
"414","3","3",1123
"414","3","4",1118
"414","3","5",1111
"414","3","7",111
"414","3","8",111
"414","3","9",111
"417","2","1",1327
"417","2","2",1132
"417","2","3",1167
"417","2","4",1119
"417","2","5",1111
"417","2","7",111
"417","2","9",1118
"417","2","A",1113
"417","1","1",1384
"417","1","2",1149
"417","1","3",1183
"417","1","4",1232
"417","1","5",1143
"417","1","6",1118
"417","1","7",1111
"417","1","8",1112
"417","1","9",1115
"417","1","A",1114
"417","3","4",111
"418","2","1",1153
"418","2","2",1113
"418","2","3",111
"418","2","4",1111
"418","2","6",111
"418","2","9",1113
"418","1","1",1261
"418","1","2",1159
"418","1","3",1261
"418","1","4",1173
"418","1","5",1152
"418","1","6",1112
"418","1","7",1118
"418","1","8",1114
"418","1","9",1121
"418","1","A",1112
"422","2","1",1406
"422","2","2",1191
"422","2","3",1341
"422","2","4",1182
"422","2","5",1143
"422","2","6",1111
"422","2","7",111
"422","2","8",1111
"422","2","9",1113
"422","2","A",1110
"422","1","1",1574
"422","1","2",1183
"422","1","3",1332
"422","1","4",1153
"422","1","5",1134
"422","1","6",1117
"422","1","7",1121
"422","1","8",1111
"422","1","9",1114
"422","1","A",1110
"426","2","1",1352
"426","2","2",1112
"426","2","3",1116
"426","2","4",1192
"426","2","6",1111
"426","2","7",111
"426","2","8",1117
"426","2","9",111
"426","1","1",1455
"426","1","2",1164
"426","1","3",1242
"426","1","4",1225
"426","1","5",1167
"426","1","6",1112
"426","1","7",111
"426","1","8",1111
"426","1","9",1138
"426","1","A",1119
"428","2","1",1548
"428","2","2",1158
"428","2","3",1247
"428","2","4",1163
"428","2","5",1135
"428","2","6",1117
"428","2","7",1111
"428","2","8",1115
"428","2","9",1113
"428","2","A",1112
"428","1","1",1626
"428","1","2",1159
"428","1","3",1298
"428","1","4",1164
"428","1","5",1137
"428","1","6",1119
"428","1","7",1111
"428","1","8",1115
"428","1","9",1113
"428","1","A",1112
"430","2","1",111
"430","2","2",1111
"430","2","3",1111
"430","2","4",1112
"430","1","1",111
"430","1","2",11101
"430","1","3",1111
"430","1","4",11116
"430","1","5",111
"430","1","6",111
"434","2","1",1222
"434","2","3",1154
"434","2","4",1131
"434","2","6",1113
"434","1","1",1443
"434","1","2",1139
"434","1","3",1209
"434","1","4",1273
"434","1","5",1154
"434","1","6",111
"434","1","7",1122
"434","1","8",1112
"434","1","9",1113
"440","2","1",1563
"440","2","2",1159
"440","2","3",1259
"440","2","4",1159
"440","2","5",1132
"440","2","6",1119
"440","2","7",1111
"440","2","8",1113
"440","2","9",1113
"440","2","A",1113
"440","1","1",1643
"440","1","2",1158
"440","1","3",1325
"440","1","4",1177
"440","1","5",1145
"440","1","6",1126
"440","1","7",1111
"440","1","8",1113
"440","1","9",1113
"440","1","A",1112
"442","2","1",1529
"442","2","2",1145
"442","2","3",1279
"442","2","4",1155
"442","2","5",1133
"442","2","6",1114
"442","2","7",1111
"442","2","8",1113
"442","2","9",1113
"442","2","A",1111
"442","1","1",1669
"442","1","2",1164
"442","1","3",1311
"442","1","4",1157
"442","1","5",1136
"442","1","6",1116
"442","1","7",1111
"442","1","8",1114
"442","1","9",1113
"442","1","A",1111
"446","2","1",1207
"446","2","2",1196
"446","2","3",1237
"446","2","4",1164
"446","2","5",1119
"446","2","6",1131
"446","2","7",112
"446","2","8",1111
"446","2","9",1112
"446","2","A",1112
"446","1","1",1389
"446","1","2",1196
"446","1","3",1362
"446","1","4",1226
"446","1","5",1131
"446","1","6",115
"446","1","7",1111
"446","1","8",1114
"446","1","9",1118
"446","1","A",1113
"446","3","1",1176
"446","3","2",1124
"446","3","3",1199
"446","3","4",1133
"446","3","5",1129
"446","3","6",1111
"446","3","7",111
"446","3","8",1112
"446","3","9",1111
"446","3","A",1114
"450","2","1",1184
"450","2","2",1124
"450","2","3",1206
"450","2","4",1117
"450","2","5",1117
"450","2","6",1113
"450","2","7",1111
"450","2","8",1113
"450","2","9",1114
"450","2","A",1111
"450","1","1",1189
"450","1","2",1137
"450","1","3",1184
"450","1","4",1152
"450","1","5",1129
"450","1","6",1116
"450","1","7",111
"450","1","8",1111
"450","1","9",1117
"450","1","A",1115
"450","3","1",1114
"450","3","2",111
"450","3","3",1112
"450","3","4",1111
"450","3","8",111
"450","3","9",111
"450","3","A",1111
"454","2","1",1134
"454","2","2",1151
"454","2","3",1118
"454","2","4",1113
"454","2","7",111
"454","2","8",111
"454","2","9",111
"454","1","1",1256
"454","1","2",1163
"454","1","3",1138
"454","1","4",1119
"454","1","5",1134
"454","1","6",1115
"454","1","7",1111
"454","1","8",1111
"454","1","9",1113
"454","1","A",1110
"454","3","2",111
"454","3","3",1112
"454","3","4",1113
"458","2","1",1499
"458","2","2",1346
"458","2","3",1789
"458","2","4",1421
"458","2","5",1401
"458","2","6",1129
"458","2","7",1188
"458","2","8",1119
"458","2","9",1133
"458","2","A",1134
"458","1","1",1502
"458","1","2",1345
"458","1","3",1801
"458","1","4",1426
"458","1","5",1386
"458","1","6",1136
"458","1","7",1194
"458","1","8",1119
"458","1","9",1134
"458","1","A",1129
"458","3","1",1177
"458","3","2",1133
"458","3","3",1168
"458","3","4",1144
"458","3","5",1132
"458","3","6",1114
"458","3","7",1112
"458","3","8",1111
"458","3","9",1113
"458","3","A",1111
"462","2","1",1347
"462","2","2",11112
"462","2","3",1128
"462","2","4",1123
"462","2","5",111
"462","2","6",1111
"462","2","7",1111
"462","2","8",1117
"462","1","1",1378
"462","1","2",1199
"462","1","3",1299
"462","1","4",1158
"462","1","5",1133
"462","1","6",1111
"462","1","7",111
"462","1","8",1119
"462","1","9",1119
"462","1","A",1111
"466","2","1",1238
"466","2","2",1192
"466","2","3",1214
"466","2","4",1114
"466","2","7",1115
"466","2","A",1110
"466","1","1",1312
"466","1","2",1197
"466","1","3",1229
"466","1","4",11116
"466","1","5",1159
"466","1","6",1116
"466","1","7",1112
"466","1","8",1111
"466","1","9",1119
"466","1","A",1110
"466","3","4",111
"470","2","1",1252
"470","2","2",1119
"470","2","3",1149
"470","2","4",1133
"470","2","5",1119
"470","2","6",111
"470","2","7",1111
"470","2","8",111
"470","2","9",111
"470","2","A",1111
"470","1","1",1515
"470","1","2",1153
"470","1","3",1261
"470","1","4",1173
"470","1","5",1137
"470","1","6",1121
"470","1","7",1111
"470","1","8",1116
"470","1","9",1113
"470","1","A",1113
"470","3","1",1143
"470","3","2",1115
"470","3","3",1122
"470","3","4",1125
"470","3","5",1115
"470","3","9",111
"474","2","1",1118
"474","2","2",113
"474","2","3",1127
"474","2","4",1112
"474","2","5",1113
"474","2","8",111
"474","1","1",1215
"474","1","2",1126
"474","1","3",1163
"474","1","4",1149
"474","1","5",1121
"474","1","6",1112
"474","1","7",1111
"474","1","8",1111
"474","1","9",1111
"474","1","A",1110
"478","2","1",1682
"478","2","2",1143
"478","2","3",1329
"478","2","4",1153
"478","2","5",1142
"478","2","6",1113
"478","2","7",1111
"478","1","1",1685
"478","1","2",1142
"478","1","3",1336
"478","1","4",1207
"478","1","5",1147
"478","1","6",1112
"478","1","7",1115
"478","1","9",1116
"480","2","1",1201
"480","2","2",1133
"480","2","3",1142
"480","2","4",1129
"480","2","5",1116
"480","2","6",1111
"480","2","7",111
"480","2","8",1111
"480","2","9",1113
"480","2","A",1110
"480","1","1",1266
"480","1","2",1148
"480","1","3",1189
"480","1","4",1138
"480","1","5",1131
"480","1","6",114
"480","1","7",111
"480","1","8",1112
"480","1","9",1113
"480","1","A",1110
"480","3","1",1176
"480","3","2",1119
"480","3","3",1135
"480","3","4",1125
"480","3","5",1125
"480","3","6",1111
"480","3","7",111
"480","3","8",111
"480","3","9",1114
"480","3","A",1110
"484","2","1",1648
"484","2","2",1153
"484","2","3",1351
"484","2","4",1135
"484","2","5",1164
"484","2","6",1116
"484","2","7",1112
"484","2","8",1115
"484","2","9",1119
"484","2","A",1113
"484","1","1",1441
"484","1","2",1154
"484","1","3",1192
"484","1","4",1184
"484","1","5",1207
"484","1","6",1114
"484","1","7",1112
"484","1","8",1116
"484","1","9",1119
"484","1","A",1112
"496","2","1",1214
"496","2","2",1114
"496","2","3",1116
"496","2","4",1185
"496","2","9",1111
"496","2","A",1110
"496","1","1",1267
"496","1","2",1138
"496","1","3",1179
"496","1","4",1182
"496","1","5",1141
"496","1","6",1111
"496","1","8",1111
"496","1","9",1118
"496","1","A",1110
"496","3","1",111
"496","3","4",1112
"496","3","9",111
"498","2","1",1133
"498","2","2",1122
"498","2","3",1115
"498","2","4",1133
"498","2","5",1111
"498","2","7",111
"498","2","8",111
"498","2","9",111
"498","2","A",1110
"498","1","1",1461
"498","1","2",1147
"498","1","3",1182
"498","1","4",1159
"498","1","5",1131
"498","1","6",1115
"498","1","7",1111
"498","1","8",1112
"498","1","9",1114
"498","1","A",1113
"498","3","1",1138
"498","3","2",1116
"498","3","3",1116
"498","3","4",1121
"498","3","5",1112
"498","3","7",111
"498","3","9",111
"499","2","1",1156
"499","2","2",1114
"499","2","3",1137
"499","2","4",1117
"499","2","5",1116
"499","2","6",111
"499","2","8",111
"499","1","1",1253
"499","1","2",1127
"499","1","3",1154
"499","1","4",1119
"499","1","5",1124
"499","1","6",1112
"499","1","7",111
"499","1","8",1111
"499","1","9",1113
"499","1","A",1110
"500","1","1",1188
"500","1","2",1134
"500","1","3",1135
"500","1","4",1122
"500","1","5",1113
"500","1","6",1111
"500","1","8",111
"500","1","9",111
"504","2","1",1676
"504","2","2",1209
"504","2","3",1379
"504","2","4",1224
"504","2","5",1158
"504","2","6",1163
"504","2","7",111
"504","2","8",1115
"504","2","9",1128
"504","2","A",1116
"504","1","1",1695
"504","1","2",1218
"504","1","3",1252
"504","1","4",1179
"504","1","5",1145
"504","1","6",1157
"504","1","7",112
"504","1","8",1116
"504","1","9",1121
"504","1","A",1115
"508","2","1",1244
"508","2","2",1137
"508","2","3",1325
"508","2","4",1123
"508","2","5",1121
"508","2","6",1112
"508","2","7",1111
"508","2","8",112
"508","2","9",2
"508","2","A",1112
"508","1","1",1327
"508","1","2",1155
"508","1","3",1322
"508","1","4",1199
"508","1","5",1145
"508","1","6",1118
"508","1","7",1121
"508","1","8",1115
"508","1","9",1121
"508","1","A",1115
"512","2","1",1321
"512","2","2",1131
"512","2","3",1161
"512","2","4",1116
"512","2","5",1118
"512","2","6",1113
"512","2","7",111
"512","2","8",1112
"512","2","A",1113
"512","1","1",1346
"512","1","2",1145
"512","1","3",1163
"512","1","4",1121
"512","1","5",1126
"512","1","6",1112
"512","1","7",1111
"512","1","8",1115
"512","1","9",1115
"512","1","A",1113
"512","3","1",1193
"512","3","2",1118
"512","3","3",1131
"512","3","4",1117
"512","3","5",1113
"512","3","6",1112
"512","3","7",111
"512","3","8",111
"512","3","9",1112
"516","2","1",1414
"516","2","2",1145
"516","2","3",1206
"516","2","4",1148
"516","2","5",1168
"516","2","6",1113
"516","2","7",1112
"516","2","8",1113
"516","2","9",1118
"516","2","A",1112
"516","1","1",1314
"516","1","2",1149
"516","1","3",1202
"516","1","4",1146
"516","1","5",1165
"516","1","6",1112
"516","1","7",111
"516","1","8",1114
"516","1","9",1116
"516","1","A",1112
"516","3","1",1127
"516","3","2",1113
"516","3","3",1115
"516","3","4",1123
"516","3","5",1115
"516","3","6",1111
"516","3","7",111
"516","3","8",1111
"516","3","9",111
"524","2","1",1144
"524","2","2",1113
"524","2","3",1115
"524","2","4",1112
"524","2","6",111
"524","2","7",111
"524","2","8",111
"524","2","A",1112
"524","1","1",1259
"524","1","2",1148
"524","1","3",1178
"524","1","4",1149
"524","1","5",1139
"524","1","6",1117
"524","1","7",111
"524","1","8",1112
"524","1","9",1119
"524","1","A",1110
"528","2","1",2865
"528","2","2",1503
"528","2","3",1667
"528","2","4",1314
"528","2","5",1178
"528","2","6",1116
"528","2","7",1111
"528","2","8",1115
"528","2","9",1114
"528","2","A",1111
"528","1","1",2873
"528","1","2",1506
"528","1","3",1671
"528","1","4",1316
"528","1","5",1176
"528","1","6",1115
"528","1","7",1111
"528","1","8",1115
"528","1","9",1114
"528","1","A",1111
"530","2","1",1289
"530","2","2",1123
"530","2","3",1183
"530","2","4",1139
"530","2","5",1119
"530","2","7",1112
"530","2","8",1114
"530","1","1",1689
"530","1","2",1248
"530","1","3",1345
"530","1","4",1279
"530","1","5",1194
"530","1","6",1121
"530","1","7",112
"530","1","8",1123
"530","1","9",1119
"530","1","A",1113
"531","2","1",1157
"531","2","2",1116
"531","2","3",1123
"531","2","4",1116
"531","2","5",1111
"531","2","6",1111
"531","2","8",111
"531","2","9",111
"531","2","A",1110
"531","1","1",1212
"531","1","2",1123
"531","1","3",1136
"531","1","4",1121
"531","1","5",1125
"531","1","6",111
"531","1","8",111
"531","1","9",1112
"531","1","A",1110
"533","2","1",1146
"533","2","2",1115
"533","2","3",1131
"533","2","4",1119
"533","2","5",1115
"533","2","6",1111
"533","2","9",111
"533","1","1",1261
"533","1","2",1144
"533","1","3",1184
"533","1","4",1154
"533","1","5",1137
"533","1","6",1116
"533","1","7",1112
"533","1","8",111
"533","1","9",1113
"533","1","A",1110
"540","2","1",1244
"540","2","2",1172
"540","2","3",1271
"540","2","4",1173
"540","2","5",1135
"540","2","6",111
"540","2","7",111
"540","2","8",1115
"540","2","9",1112
"540","2","A",1110
"540","1","1",1371
"540","1","2",1236
"540","1","3",1314
"540","1","4",1203
"540","1","5",1138
"540","1","6",1113
"540","1","7",111
"540","1","8",1114
"540","1","9",1113
"540","1","A",1110
"548","2","1",1246
"548","2","2",1119
"548","2","3",1165
"548","2","4",1111
"548","2","5",1112
"548","2","8",1128
"548","2","A",1112
"548","1","1",1235
"548","1","2",1141
"548","1","3",1195
"548","1","4",1175
"548","1","5",1133
"548","1","6",1114
"548","1","7",111
"548","1","8",1115
"548","1","9",1113
"548","1","A",1113
"548","3","4",1111
"554","2","1",13512
"554","2","2",11334
"554","2","3",12132
"554","2","4",11375
"554","2","5",11313
"554","2","6",1126
"554","2","7",11111
"554","2","8",1112
"554","2","9",1119
"554","2","A",1111
"554","1","1",1699
"554","1","2",1191
"554","1","3",1315
"554","1","4",1239
"554","1","5",1214
"554","1","6",1117
"554","1","7",1111
"554","1","8",1113
"554","1","9",1122
"554","1","A",1111
"554","3","1",1384
"554","3","2",1134
"554","3","3",1218
"554","3","4",1137
"554","3","5",1145
"554","3","6",1116
"554","3","7",1111
"554","3","8",1111
"554","3","9",1118
"554","3","A",1111
"558","2","1",1331
"558","2","2",1125
"558","2","3",1187
"558","2","4",1121
"558","2","5",1115
"558","2","6",1111
"558","2","7",1111
"558","2","8",111
"558","2","9",1111
"558","2","A",1111
"558","1","1",1367
"558","1","2",1127
"558","1","3",1297
"558","1","4",1183
"558","1","5",1126
"558","1","6",1115
"558","1","7",1111
"558","1","8",1112
"558","1","9",1113
"558","1","A",1111
"562","2","1",1133
"562","2","2",1122
"562","2","3",1121
"562","2","4",1119
"562","2","6",111
"562","2","8",111
"562","2","9",1113
"562","1","1",1189
"562","1","2",1127
"562","1","3",1139
"562","1","4",1139
"562","1","5",1121
"562","1","6",1112
"562","1","7",1113
"562","1","8",1111
"562","1","9",1113
"562","1","A",1110
"562","3","1",1113
"562","3","4",1114
"566","2","1",1467
"566","2","2",1231
"566","2","3",1324
"566","2","4",1133
"566","2","5",1142
"566","2","6",111
"566","2","8",1117
"566","2","9",1111
"566","2","A",1110
"566","1","1",1676
"566","1","2",1291
"566","1","3",1368
"566","1","4",1212
"566","1","5",1163
"566","1","6",1116
"566","1","7",1119
"566","1","8",1112
"566","1","9",1117
"566","1","A",1110
"578","2","1",2323
"578","2","2",1527
"578","2","3",1266
"578","2","4",1463
"578","2","5",1183
"578","2","6",1127
"578","2","7",1112
"578","2","8",1111
"578","2","9",1119
"578","2","A",1121
"578","1","1",2325
"578","1","2",1523
"578","1","3",1259
"578","1","4",1433
"578","1","5",1186
"578","1","6",1127
"578","1","7",1112
"578","1","8",1112
"578","1","9",1119
"578","1","A",1121
"580","2","1",111
"583","2","1",111
"583","1","3",1111
"584","1","1",111
"584","1","4",111
"585","2","1",1181
"585","2","2",111
"585","2","3",1139
"585","2","5",1113
"585","2","8",1121
"585","1","1",1267
"585","1","2",1147
"585","1","3",1207
"585","1","4",1189
"585","1","5",1149
"585","1","6",1112
"585","1","7",1114
"585","1","8",1115
"585","1","9",1123
"585","1","A",1113
"586","2","1",1222
"586","2","2",1157
"586","2","3",1218
"586","2","4",1135
"586","2","5",1123
"586","2","6",1113
"586","2","7",1113
"586","2","8",1115
"586","2","9",1112
"586","2","A",1113
"586","1","1",1189
"586","1","2",1127
"586","1","3",1149
"586","1","4",1124
"586","1","5",1122
"586","1","6",1114
"586","1","7",1114
"586","1","8",1116
"586","1","9",1118
"586","1","A",1112
"586","3","1",1116
"586","3","2",1112
"586","3","3",1112
"586","3","4",1114
"586","3","8",111
"591","2","1",1213
"591","2","2",1123
"591","2","3",1199
"591","2","4",1131
"591","2","5",1127
"591","2","6",1112
"591","2","7",1113
"591","2","8",1114
"591","2","9",1116
"591","2","A",1112
"591","1","1",1253
"591","1","2",1137
"591","1","3",1219
"591","1","4",1179
"591","1","5",1128
"591","1","6",1113
"591","1","7",1111
"591","1","8",1115
"591","1","9",1116
"591","1","A",1114
"591","3","1",1113
"591","3","3",1114
"591","3","4",1117
"591","3","5",1111
"591","3","8",111
"591","3","9",111
"598","2","1",1358
"598","2","2",1157
"598","2","3",1223
"598","2","4",1213
"598","2","5",1124
"598","2","6",1114
"598","2","7",111
"598","2","8",1127
"598","2","9",111
"598","2","A",1110
"598","1","1",1349
"598","1","2",1162
"598","1","3",1308
"598","1","4",1243
"598","1","5",1159
"598","1","6",1114
"598","1","7",1113
"598","1","8",1118
"598","1","9",1121
"598","1","A",1110
"598","3","3",1111
"598","3","4",1112
"598","3","6",111
"600","2","1",1124
"600","2","2",111
"600","2","4",1111
"600","2","A",1110
"600","1","1",1228
"600","1","2",1134
"600","1","3",1169
"600","1","4",1157
"600","1","5",1124
"600","1","6",1115
"600","1","7",1112
"600","1","8",1111
"600","1","9",1117
"600","1","A",1110
"604","2","1",1387
"604","2","2",1189
"604","2","3",1239
"604","2","4",1234
"604","2","5",1147
"604","2","6",1118
"604","2","7",1142
"604","2","8",1111
"604","2","9",1114
"604","2","A",1113
"604","1","1",1264
"604","1","2",1145
"604","1","3",1211
"604","1","4",1153
"604","1","5",1133
"604","1","6",1142
"604","1","7",1115
"604","1","8",1112
"604","1","9",1114
"604","1","A",1113
"608","2","1",1309
"608","2","2",1274
"608","2","3",1312
"608","2","4",1269
"608","2","5",1239
"608","2","6",1137
"608","2","7",1115
"608","2","8",1126
"608","2","9",1121
"608","2","A",1121
"608","1","1",1349
"608","1","2",1285
"608","1","3",1309
"608","1","4",1283
"608","1","5",1214
"608","1","6",1165
"608","1","7",1125
"608","1","8",1122
"608","1","9",1129
"608","1","A",1119
"616","2","1",1695
"616","2","2",1166
"616","2","3",1246
"616","2","4",1169
"616","2","5",1141
"616","2","6",1119
"616","2","7",1113
"616","2","8",1112
"616","2","9",1113
"616","2","A",1112
"616","1","1",1782
"616","1","2",1168
"616","1","3",1308
"616","1","4",1172
"616","1","5",1139
"616","1","6",1123
"616","1","7",1113
"616","1","8",1112
"616","1","9",1126
"616","1","A",1112
"620","2","1",2015
"620","2","2",1305
"620","2","3",1555
"620","2","4",1298
"620","2","5",1164
"620","2","6",1114
"620","2","7",112
"620","2","8",1116
"620","2","9",1114
"620","2","A",1113
"620","1","1",11201
"620","1","2",1299
"620","1","3",1562
"620","1","4",1255
"620","1","5",1166
"620","1","6",1171
"620","1","7",112
"620","1","8",1115
"620","1","9",1114
"620","1","A",1111
"624","2","2",111
"624","2","3",121
"624","1","1",1149
"624","1","2",113
"624","1","3",1123
"624","1","4",1149
"624","1","5",1119
"624","1","6",1112
"624","1","7",111
"626","2","2",1111
"626","2","4",1111
"626","2","5",1111
"626","2","8",111
"626","2","9",1117
"626","1","1",1407
"626","1","2",1119
"626","1","3",1264
"626","1","4",1118
"626","1","5",1114
"626","1","6",1111
"626","1","7",111
"626","1","8",1111
"626","1","9",1111
"626","3","2",1111
"626","3","4",111
"626","3","5",1111
"626","3","8",111
"634","2","1",1149
"634","2","2",1119
"634","2","3",1123
"634","2","4",1113
"634","2","5",111
"634","2","6",111
"634","2","8",1111
"634","2","9",111
"634","1","1",1473
"634","1","2",1173
"634","1","3",1256
"634","1","4",1194
"634","1","5",1161
"634","1","6",1114
"634","1","7",1112
"634","1","8",1116
"634","1","9",1118
"634","1","A",1113
"634","3","1",1136
"634","3","2",1116
"634","3","3",1122
"634","3","4",1115
"634","3","5",1111
"634","3","9",111
"638","2","1",1134
"638","2","2",1114
"638","2","3",1119
"638","2","4",1122
"638","2","5",1113
"638","2","6",111
"638","2","7",111
"638","1","1",1215
"638","1","2",1131
"638","1","3",1161
"638","1","4",1147
"638","1","5",1122
"638","1","6",1113
"638","1","7",1111
"638","1","8",111
"638","1","9",1111
"638","1","A",1110
"642","2","1",1404
"642","2","2",1146
"642","2","3",1217
"642","2","4",1157
"642","2","5",1131
"642","2","6",1115
"642","2","7",1111
"642","2","8",1113
"642","2","9",1113
"642","2","A",1110
"642","1","1",1678
"642","1","2",1164
"642","1","3",1314
"642","1","4",1168
"642","1","5",1137
"642","1","6",1118
"642","1","7",1112
"642","1","8",1115
"642","1","9",1113
"642","1","A",1111
"643","2","1",1183
"643","2","2",1121
"643","2","3",1123
"643","2","4",1119
"643","2","5",1113
"643","2","6",1112
"643","2","7",111
"643","2","9",1111
"643","2","A",1110
"643","1","1",1302
"643","1","2",1136
"643","1","3",1224
"643","1","4",1145
"643","1","5",1123
"643","1","6",1111
"643","1","7",111
"643","1","8",1111
"643","1","9",1111
"643","1","A",1110
"646","2","1",1126
"646","2","2",1119
"646","2","3",1112
"646","2","4",1117
"646","2","6",111
"646","2","7",111
"646","2","A",1111
"646","1","1",1221
"646","1","2",1129
"646","1","3",1142
"646","1","4",1126
"646","1","5",1119
"646","1","6",1112
"646","1","7",111
"646","1","8",1111
"646","1","9",1113
"646","1","A",1112
"646","3","1",1112
"646","3","2",1112
"646","3","4",1112
"654","2","3",111
"654","1","1",111
"654","1","2",111
"654","1","3",111
"659","2","1",1144
"659","2","2",1119
"659","2","3",1132
"659","2","4",1112
"659","2","5",111
"659","2","9",111
"659","2","A",1110
"659","1","1",1336
"659","1","2",1155
"659","1","3",1161
"659","1","4",1142
"659","1","5",1123
"659","1","6",1114
"659","1","7",111
"659","1","8",1111
"659","1","9",1111
"659","1","A",1111
"659","3","1",1112
"659","3","2",1113
"659","3","3",1114
"659","3","4",1111
"659","3","A",1110
"662","2","1",1268
"662","2","2",1125
"662","2","3",1134
"662","2","4",1114
"662","2","5",111
"662","2","7",111
"662","2","8",111
"662","2","9",1117
"662","1","1",1429
"662","1","2",1256
"662","1","3",1267
"662","1","4",1307
"662","1","5",1161
"662","1","6",1114
"662","1","7",1111
"662","1","8",1111
"662","1","9",1114
"662","1","A",1110
"662","3","1",1116
"662","3","3",1112
"662","3","4",1114
"662","3","8",111
"662","3","9",111
"666","2","1",1113
"666","2","2",1111
"666","2","3",111
"666","1","1",1118
"666","1","2",111
"666","1","3",1115
"666","1","4",1116
"666","1","5",1112
"670","2","1",1294
"670","2","2",1148
"670","2","3",1199
"670","2","4",1114
"670","2","5",1117
"670","2","6",1112
"670","2","7",111
"670","2","8",111
"670","2","9",111
"670","2","A",1110
"670","1","1",1295
"670","1","2",1146
"670","1","3",1205
"670","1","4",1139
"670","1","5",1126
"670","1","6",1112
"670","1","7",1112
"670","1","8",1111
"670","1","9",1111
"670","1","A",1112
"670","3","2",1115
"670","3","4",1112
"670","3","5",111
"670","3","8",111
"678","2","1",1142
"678","2","2",1115
"678","2","3",1124
"678","1","1",1169
"678","1","2",1124
"678","1","3",1149
"678","1","4",1141
"678","1","5",1117
"678","1","6",1113
"678","1","7",111
"678","1","8",111
"678","1","9",1111
"682","2","1",1403
"682","2","2",1147
"682","2","3",1262
"682","2","4",1182
"682","2","5",1148
"682","2","6",1113
"682","2","8",1117
"682","2","9",1113
"682","2","A",1113
"682","1","1",1473
"682","1","2",1217
"682","1","3",1277
"682","1","4",1184
"682","1","5",1162
"682","1","6",1123
"682","1","7",1122
"682","1","8",1119
"682","1","9",1125
"682","1","A",1122
"682","3","1",1189
"682","3","2",1119
"682","3","3",1128
"682","3","4",1117
"682","3","5",1115
"682","3","7",111
"686","2","1",1475
"686","2","2",1219
"686","2","3",1374
"686","2","4",1181
"686","2","5",1129
"686","2","6",1118
"686","2","7",1112
"686","2","8",111
"686","2","9",1112
"686","2","A",1110
"686","1","1",1275
"686","1","2",1191
"686","1","3",1374
"686","1","4",1221
"686","1","5",1158
"686","1","6",1115
"686","1","7",1113
"686","1","8",1112
"686","1","9",1114
"686","1","A",1111
"686","3","1",1124
"686","3","2",1112
"686","3","3",1119
"686","3","4",1114
"686","3","5",111
"686","3","6",111
"688","2","1",1247
"688","2","2",1125
"688","2","3",1159
"688","2","4",1158
"688","2","5",1118
"688","2","6",1113
"688","2","7",111
"688","2","8",1111
"688","2","9",1113
"688","1","1",1607
"688","1","2",1148
"688","1","3",1317
"688","1","4",1167
"688","1","5",1134
"688","1","6",1118
"688","1","7",111
"688","1","8",1111
"688","1","9",1113
"688","1","A",1110
"688","3","2",111
"688","3","4",1113
"690","2","1",1488
"690","2","2",1123
"690","2","3",1129
"690","2","4",1113
"690","2","5",1111
"690","2","6",1116
"690","2","7",1111
"690","2","8",111
"690","2","9",111
"690","2","A",1110
"690","1","1",1537
"690","1","2",1132
"690","1","3",1143
"690","1","4",1125
"690","1","5",1119
"690","1","6",1115
"690","1","7",1111
"690","1","8",1111
"690","1","9",1111
"690","1","A",1110
"690","3","1",1117
"690","3","2",1114
"690","3","3",1129
"690","3","4",1117
"690","3","5",1112
"690","3","9",111
"690","3","A",1110
"694","2","1",1383
"694","2","2",1192
"694","2","3",1219
"694","2","4",1235
"694","2","5",1116
"694","2","A",1110
"694","1","1",1339
"694","1","2",1187
"694","1","3",1223
"694","1","4",1228
"694","1","5",1139
"694","1","6",1114
"694","1","7",1114
"694","1","8",1114
"694","1","9",1118
"694","3","3",111
"702","2","1",11616
"702","2","2",11197
"702","2","3",11634
"702","2","4",11267
"702","2","5",11222
"702","2","6",11136
"702","2","7",11123
"702","2","8",1116
"702","2","9",1128
"702","2","A",1114
"702","1","1",11639
"702","1","2",11199
"702","1","3",11635
"702","1","4",11268
"702","1","5",11219
"702","1","6",11136
"702","1","7",11123
"702","1","8",1116
"702","1","9",1126
"702","1","A",1114
"703","2","1",1402
"703","2","2",1137
"703","2","3",1179
"703","2","4",1163
"703","2","5",1132
"703","2","6",1115
"703","2","7",1111
"703","2","8",1115
"703","2","9",1113
"703","2","A",1112
"703","1","1",1643
"703","1","2",1154
"703","1","3",1269
"703","1","4",1164
"703","1","5",1138
"703","1","6",1118
"703","1","7",1112
"703","1","8",1116
"703","1","9",1117
"703","1","A",1112
"704","2","1",1493
"704","2","2",1167
"704","2","3",1431
"704","2","4",1153
"704","2","5",1207
"704","2","6",1112
"704","2","7",111
"704","2","8",1113
"704","2","9",1133
"704","2","A",1114
"704","1","1",1402
"704","1","2",1158
"704","1","3",1249
"704","1","4",1172
"704","1","5",1161
"704","1","6",1128
"704","1","7",1129
"704","1","8",112
"704","1","9",1135
"704","1","A",1113
"705","2","1",1465
"705","2","2",1144
"705","2","3",1269
"705","2","4",1158
"705","2","5",1134
"705","2","6",1117
"705","2","7",1111
"705","2","8",1114
"705","2","9",1113
"705","2","A",1112
"705","1","1",1639
"705","1","2",1165
"705","1","3",1312
"705","1","4",1165
"705","1","5",1139
"705","1","6",1119
"705","1","7",1111
"705","1","8",1115
"705","1","9",1113
"705","1","A",1112
"706","2","1",113
"706","2","2",111
"706","2","3",112
"706","2","4",113
"706","1","1",111
"706","1","2",112
"706","1","4",113
"710","2","1",1385
"710","2","2",1157
"710","2","3",1234
"710","2","4",1221
"710","2","5",1196
"710","2","6",1113
"710","2","7",111
"710","2","8",1113
"710","2","9",1116
"710","2","A",1111
"710","1","1",1325
"710","1","2",1156
"710","1","3",1192
"710","1","4",1217
"710","1","5",1179
"710","1","6",1125
"710","1","7",111
"710","1","8",1113
"710","1","9",1116
"710","1","A",1111
"716","2","1",1226
"716","2","2",1159
"716","2","3",1139
"716","2","4",1157
"716","2","5",1117
"716","2","6",111
"716","2","7",1115
"716","2","8",1111
"716","2","A",1111
"716","1","1",1391
"716","1","2",1181
"716","1","3",1336
"716","1","4",1204
"716","1","5",1171
"716","1","6",1131
"716","1","7",1114
"716","1","8",1113
"716","1","9",1115
"716","1","A",1111
"716","3","1",111
"716","3","3",1111
"716","3","4",1115
"724","2","1",3825
"724","2","2",1789
"724","2","3",3205
"724","2","4",1394
"724","2","5",1255
"724","2","6",1301
"724","2","7",116
"724","2","8",1116
"724","2","9",1114
"724","2","A",1111
"724","1","1",3821
"724","1","2",1789
"724","1","3",3208
"724","1","4",1335
"724","1","5",1255
"724","1","6",1135
"724","1","7",1135
"724","1","8",1116
"724","1","9",1114
"724","1","A",1111
"728","1","1",1127
"728","1","2",1113
"728","1","3",111
"728","1","4",1112
"728","1","5",111
"728","1","7",111
"728","1","9",111
"729","2","1",1217
"729","2","2",1134
"729","2","3",1139
"729","2","4",1116
"729","2","7",111
"729","2","8",1113
"729","2","9",111
"729","1","1",1219
"729","1","2",1135
"729","1","3",1141
"729","1","4",1174
"729","1","7",111
"729","1","8",111
"729","1","9",1115
"729","1","A",5
"736","2","1",1151
"736","2","2",1119
"736","2","3",1126
"736","2","4",1112
"736","2","5",111
"736","2","8",1111
"736","2","A",1110
"736","1","1",1194
"736","1","2",1117
"736","1","3",1139
"736","1","4",1127
"736","1","5",1115
"736","1","6",111
"736","1","7",1112
"736","1","8",1111
"736","1","9",1111
"736","1","A",1111
"736","3","2",111
"736","3","3",111
"740","2","1",1227
"740","2","2",1139
"740","2","3",1251
"740","2","4",1132
"740","2","5",1139
"740","2","A",1114
"740","1","1",2126
"740","1","2",1239
"740","1","3",1315
"740","1","4",1168
"740","1","5",1122
"740","1","7",111
"740","1","8",1112
"740","1","9",1118
"740","1","A",1112
"740","3","2",111
"740","3","4",1118
"748","2","1",1285
"748","2","2",1119
"748","2","3",1129
"748","2","4",1173
"748","2","5",1111
"748","2","6",1111
"748","2","7",111
"748","2","8",1112
"748","2","9",111
"748","2","A",1110
"748","1","1",1407
"748","1","2",1166
"748","1","3",1236
"748","1","4",1221
"748","1","5",1189
"748","1","6",1112
"748","1","7",111
"748","1","8",1114
"748","1","9",1128
"748","1","A",1110
"748","3","1",1119
"748","3","2",111
"748","3","3",1114
"748","3","4",1115
"748","3","7",111
"748","3","8",111
"752","2","1",2703
"752","2","2",1386
"752","2","3",1288
"752","2","4",1459
"752","2","5",1228
"752","2","6",1121
"752","2","7",1111
"752","2","8",1115
"752","2","9",1113
"752","2","A",1112
"752","1","1",2704
"752","1","2",1391
"752","1","3",1319
"752","1","4",1465
"752","1","5",1226
"752","1","6",1118
"752","1","7",112
"752","1","8",1115
"752","1","9",1113
"752","1","A",1112
"756","2","1",11647
"756","2","2",11267
"756","2","3",11309
"756","2","4",11249
"756","2","5",11159
"756","2","6",11101
"756","2","7",11104
"756","2","8",1115
"756","2","9",1117
"756","2","A",1112
"756","1","1",11862
"756","1","2",11319
"756","1","3",11364
"756","1","4",11337
"756","1","5",11175
"756","1","6",11143
"756","1","7",11103
"756","1","8",1114
"756","1","9",1117
"756","1","A",1112
"760","2","1",1153
"760","2","2",1112
"760","2","3",1118
"760","2","4",1126
"760","2","5",1111
"760","2","6",1111
"760","2","7",111
"760","2","8",1119
"760","2","9",1111
"760","1","1",1286
"760","1","2",1123
"760","1","3",1165
"760","1","4",1129
"760","1","5",1117
"760","1","6",1118
"760","1","7",112
"760","1","8",1115
"760","1","9",1119
"762","1","1",1137
"762","1","2",1116
"762","1","4",1132
"764","2","1",2015
"764","2","2",1313
"764","2","3",1953
"764","2","4",1306
"764","2","5",1399
"764","2","6",1126
"764","2","7",1131
"764","2","8",1123
"764","2","9",1142
"764","2","A",1118
"764","1","1",1958
"764","1","2",1311
"764","1","3",1951
"764","1","4",1301
"764","1","5",1399
"764","1","6",1169
"764","1","7",1133
"764","1","8",1119
"764","1","9",1139
"764","1","A",1118
"764","3","1",1124
"764","3","2",1113
"764","3","3",1119
"764","3","4",111
"764","3","5",1116
"764","3","6",1111
"764","3","7",111
"764","3","9",111
"764","3","A",1110
"768","2","1",1146
"768","2","2",1116
"768","2","3",1181
"768","2","4",1132
"768","2","5",1111
"768","2","6",111
"768","2","7",111
"768","2","8",111
"768","1","1",1208
"768","1","2",1132
"768","1","3",1141
"768","1","4",1157
"768","1","5",1114
"768","1","6",1113
"768","1","7",111
"768","1","8",111
"768","1","9",1111
"768","1","A",1110
"768","3","1",1118
"768","3","2",1111
"768","3","3",111
"768","3","4",1115
"776","2","1",1264
"776","2","2",1134
"776","2","3",1234
"776","2","4",1113
"776","2","5",1117
"776","2","8",1126
"776","2","9",1119
"776","1","1",1227
"776","1","2",1133
"776","1","3",1267
"776","1","4",1169
"776","1","5",1137
"776","1","6",1113
"776","1","7",111
"776","1","8",1117
"776","1","9",1123
"776","1","A",1112
"776","3","4",111
"780","2","1",11142
"780","2","2",11117
"780","2","3",11112
"780","2","4",11115
"780","2","5",11112
"780","2","6",11101
"780","2","7",111
"780","2","8",1111
"780","2","9",1112
"780","2","A",1112
"780","1","1",11118
"780","1","2",11116
"780","1","3",11115
"780","1","4",11116
"780","1","5",11114
"780","1","6",1113
"780","1","7",111
"780","1","8",1113
"780","1","9",1112
"780","1","A",1112
"780","3","1",1126
"780","3","2",1118
"780","3","3",1116
"780","3","4",1118
"780","3","5",111
"780","3","8",111
"780","3","9",1111
"780","3","A",1110
"784","2","1",4065
"784","2","2",1595
"784","2","3",2423
"784","2","4",1666
"784","2","5",1572
"784","2","6",1113
"784","2","7",1111
"784","2","8",1116
"784","2","9",1123
"784","2","A",1114
"784","1","1",4738
"784","1","2",1698
"784","1","3",2839
"784","1","4",1727
"784","1","5",1493
"784","1","6",1125
"784","1","7",1126
"784","1","8",1129
"784","1","9",1199
"784","1","A",1124
"784","3","1",1299
"784","3","2",1136
"784","3","3",1174
"784","3","4",1122
"784","3","5",1129
"784","3","6",1113
"784","3","7",111
"784","3","8",1116
"784","3","9",1113
"784","3","A",1111
"788","2","1",1637
"788","2","2",1163
"788","2","3",1502
"788","2","4",1262
"788","2","5",1134
"788","2","6",1113
"788","2","7",1115
"788","2","8",1131
"788","2","9",1117
"788","2","A",1114
"788","1","1",1658
"788","1","2",1187
"788","1","3",1338
"788","1","4",1226
"788","1","5",1144
"788","1","6",1138
"788","1","7",1125
"788","1","8",1128
"788","1","9",1124
"788","1","A",1114
"792","2","1",1819
"792","2","2",1282
"792","2","3",1281
"792","2","4",1263
"792","2","5",1197
"792","2","6",1131
"792","2","7",1114
"792","2","8",1126
"792","2","9",1118
"792","2","A",1113
"792","1","1",1628
"792","1","2",1153
"792","1","3",1285
"792","1","4",1163
"792","1","5",1139
"792","1","6",1128
"792","1","7",1115
"792","1","8",1123
"792","1","9",1125
"792","1","A",1114
"795","2","1",1117
"795","1","1",1154
"795","1","2",1126
"795","1","3",1131
"795","1","4",1143
"796","2","1",1122
"796","2","3",1155
"796","2","5",1117
"796","2","8",1114
"796","1","1",1289
"796","1","2",1133
"796","1","3",1162
"796","1","4",1126
"796","1","5",1132
"796","1","6",1112
"796","1","7",111
"796","1","8",1111
"796","1","9",1112
"796","1","A",1110
"798","1","2",1111
"798","1","3",1132
"798","1","4",1166
"798","1","5",1122
"798","1","9",111
"800","2","1",1189
"800","2","2",1134
"800","2","3",1126
"800","2","4",1117
"800","2","5",1115
"800","2","6",1112
"800","2","7",111
"800","2","8",1111
"800","2","9",1111
"800","2","A",1113
"800","1","1",1204
"800","1","2",1137
"800","1","3",1139
"800","1","4",1127
"800","1","5",1123
"800","1","6",1113
"800","1","7",111
"800","1","8",1111
"800","1","9",1114
"800","1","A",1113
"800","3","1",1124
"800","3","2",1115
"800","3","4",1114
"800","3","5",111
"800","3","A",1110
"804","2","1",1275
"804","2","2",1142
"804","2","3",1153
"804","2","4",1159
"804","2","5",1129
"804","2","6",1114
"804","2","7",111
"804","2","8",1112
"804","2","9",1113
"804","2","A",1114
"804","1","1",1518
"804","1","2",1143
"804","1","3",1216
"804","1","4",1172
"804","1","5",1137
"804","1","6",1118
"804","1","7",111
"804","1","8",1112
"804","1","9",1119
"804","1","A",1113
"807","2","1",1194
"807","2","2",1115
"807","2","3",1149
"807","2","4",1141
"807","2","5",1115
"807","2","6",1113
"807","2","7",111
"807","2","8",1111
"807","2","9",1113
"807","1","1",1437
"807","1","2",1138
"807","1","3",1232
"807","1","4",1159
"807","1","5",1135
"807","1","6",1119
"807","1","7",111
"807","1","8",1116
"807","1","9",1118
"807","1","A",1112
"810","2","1",111
"810","2","2",111
"810","2","3",111
"810","2","4",113
"810","2","5",111
"810","2","6",112
"810","2","7",111
"810","1","1",111
"810","1","2",111
"810","1","3",111
"810","1","4",111
"810","1","7",111
"818","2","1",1212
"818","2","2",1139
"818","2","3",1159
"818","2","4",1136
"818","2","5",1117
"818","2","6",1123
"818","2","7",111
"818","2","8",1123
"818","2","9",1114
"818","2","A",1110
"818","1","1",1269
"818","1","2",1152
"818","1","3",1145
"818","1","4",1148
"818","1","5",1129
"818","1","6",1149
"818","1","7",1111
"818","1","8",1115
"818","1","9",1117
"818","1","A",1110
"826","2","1",11785
"826","2","2",11219
"826","2","3",112793
"826","2","4",11233
"826","2","5",11156
"826","2","6",11108
"826","2","7",11111
"826","2","8",1115
"826","2","9",1114
"826","2","A",1111
"826","1","1",11735
"826","1","2",11224
"826","1","3",11409
"826","1","4",11266
"826","1","5",11156
"826","1","6",11108
"826","1","7",11111
"826","1","8",1115
"826","1","9",1114
"826","1","A",1111
"834","2","1",1186
"834","2","2",1125
"834","2","3",11108
"834","2","4",1114
"834","2","5",1117
"834","2","6",1113
"834","2","7",1111
"834","2","8",1112
"834","2","9",1114
"834","2","A",1115
"834","1","1",11118
"834","1","2",11107
"834","1","3",11102
"834","1","4",11112
"834","1","5",11102
"834","1","6",11104
"834","1","7",11102
"834","1","8",1111
"834","1","9",1113
"834","1","A",1113
"834","3","1",1114
"834","3","2",1113
"834","3","3",1113
"834","3","4",1112
"834","3","5",111
"834","3","9",111
"840","2","1",1643
"840","2","2",1201
"840","2","3",1322
"840","2","4",1216
"840","2","5",1161
"840","2","6",114
"840","2","7",111
"840","2","8",1112
"840","2","9",1113
"840","2","A",1110
"840","1","1",2034
"840","1","2",1248
"840","1","3",1344
"840","1","4",1331
"840","1","5",1244
"840","1","6",1125
"840","1","7",1113
"840","1","8",1112
"840","1","9",1113
"840","1","A",1112
"840","3","1",1342
"840","3","2",1133
"840","3","3",1206
"840","3","4",1129
"840","3","5",1158
"840","3","6",1113
"840","3","7",111
"840","3","8",1111
"840","3","9",1113
"840","3","A",1110
"854","2","1",1121
"854","2","2",1116
"854","2","3",111
"854","2","4",1116
"854","2","5",1111
"854","2","7",111
"854","2","9",111
"854","2","A",1110
"854","1","1",1232
"854","1","2",1132
"854","1","3",1153
"854","1","4",1131
"854","1","5",1126
"854","1","6",1111
"854","1","7",1112
"854","1","8",1111
"854","1","9",1113
"854","1","A",1110
"858","2","1",2772
"858","2","2",1175
"858","2","3",1301
"858","2","4",1188
"858","2","5",1172
"858","2","6",1162
"858","2","7",1123
"858","2","9",1112
"858","2","A",1110
"858","1","1",1389
"858","1","2",1234
"858","1","3",1262
"858","1","4",1256
"858","1","5",1152
"858","1","6",1231
"858","1","7",1113
"858","1","8",1114
"858","1","9",1113
"858","1","A",1111
"860","1","1",1141
"860","1","2",1121
"860","1","3",1126
"860","1","4",1153
"862","2","1",1196
"862","2","2",1158
"862","2","3",1207
"862","2","4",1151
"862","2","5",1171
"862","2","6",1121
"862","2","7",1113
"862","2","8",1111
"862","2","9",1111
"862","2","A",1116
"862","1","1",1232
"862","1","2",1253
"862","1","3",1203
"862","1","4",1264
"862","1","5",1157
"862","1","6",1184
"862","1","7",1112
"862","1","8",1111
"862","1","9",1113
"862","1","A",1114
"862","3","3",1111
"882","2","1",1208
"882","2","2",1118
"882","2","3",1137
"882","2","4",1116
"882","2","5",1112
"882","2","6",111
"882","2","8",1114
"882","2","9",1111
"882","2","A",1110
"882","1","1",1219
"882","1","2",1126
"882","1","3",1169
"882","1","4",1152
"882","1","5",1136
"882","1","6",1113
"882","1","7",1113
"882","1","8",1114
"882","1","9",1116
"882","1","A",1112
"887","2","1",1396
"887","2","2",1141
"887","2","3",1295
"887","2","4",1119
"887","2","5",1117
"887","2","6",1117
"887","2","7",1114
"887","2","8",1114
"887","2","9",1114
"887","2","A",1112
"887","1","1",1185
"887","1","2",1126
"887","1","3",1139
"887","1","4",1138
"887","1","5",1124
"887","1","6",1114
"887","1","7",1111
"887","1","8",1112
"887","1","9",1116
"887","1","A",1110
"887","3","1",1126
"887","3","2",1111
"887","3","3",1115
"887","3","4",1112
"887","3","5",111
"887","3","A",1110
"890","2","1",1134
"890","2","2",1114
"890","2","3",1118
"890","2","4",1115
"890","2","5",113
"890","2","6",111
"890","1","1",1146
"890","1","2",1117
"890","1","3",1119
"890","1","4",1135
"890","1","5",1113
"890","1","6",1112
"890","1","7",112
"891","2","1",1147
"891","2","2",111
"891","2","3",1126
"891","2","4",1121
"891","2","5",1111
"891","2","6",1112
"891","2","7",1111
"891","2","8",1117
"891","2","9",1111
"891","2","A",1110
"891","1","1",1337
"891","1","2",1119
"891","1","3",1154
"891","1","4",1145
"891","1","5",1124
"891","1","6",1116
"891","1","7",1114
"891","1","8",1113
"891","1","9",1112
"891","1","A",1110
"894","2","1",1179
"894","2","2",1121
"894","2","3",1124
"894","2","4",1117
"894","2","5",1112
"894","2","6",1111
"894","2","7",1111
"894","2","8",111
"894","2","9",1
"894","2","A",1111
"894","1","1",1269
"894","1","2",1132
"894","1","3",1156
"894","1","4",1127
"894","1","5",1129
"894","1","6",1115
"894","1","7",1113
"894","1","8",1111
"894","1","9",1114
"894","1","A",1111
"894","3","1",1111
"894","3","4",111
